msg,urls
No employee information,https://www.crunchbase.com/organization/digital-grid/people
No employee information,https://www.crunchbase.com/organization/professional-recruitment/people
No employee information,https://www.crunchbase.com/organization/it-t/people
No employee information,https://www.crunchbase.com/organization/digitalgrid/people
No employee information,https://www.crunchbase.com/organization/nice-one/people
No employee information,https://www.crunchbase.com/organization/jadeer/people
No employee information,https://www.crunchbase.com/organization/talent-arabia/people
No employee information,https://www.crunchbase.com/organization/shaguf/people
No employee information,https://www.crunchbase.com/organization/excrin-think-labs/people
No employee information,https://www.crunchbase.com/organization/alfaisal-university/people
No employee information,https://www.crunchbase.com/organization/iotech/people
No employee information,https://www.crunchbase.com/organization/ninja/people
No employee information,https://www.crunchbase.com/organization/c-s-i/people
No employee information,https://www.crunchbase.com/organization/test-crew/people
No employee information,https://www.crunchbase.com/organization/csi/people
No employee information,https://www.crunchbase.com/organization/epergne-solutions/people
No employee information,https://www.crunchbase.com/organization/scalers/people
No employee information,https://www.crunchbase.com/organization/snowflake/people
No employee information,https://www.crunchbase.com/organization/salla/people
No employee information,https://www.crunchbase.com/organization/h-r-consulting/people
No employee information,https://www.crunchbase.com/organization/devoteam-middle-east/people
No employee information,https://www.crunchbase.com/organization/global-human-capital-group/people
No employee information,https://www.crunchbase.com/organization/ng/people
