name,key,title,location
"21Tech, LLC",461c059e27a96403,AI Solutions Architect,Saudi Arabia
AECOM,dfcf0f88a59aa5f1,Contract Manager,Duba
AECOM,a99cdb9bab405d44,Senior Planning Engineer,Duba
AECOM,c59827b5c52bcc48,Senior Infrastructure Engineer,Riyadh
AECOM,92265168d77db8f5,Cost Manager,Tabuk
AECOM,95e971efee6f47af,"Advisor - Safety, Health & Environment",Riyadh
AECOM,2a19e7c6de7e119e,BIM Manager - 4D,Tabuk
AECOM,5ce45f2e7109fdcc,Senior Engineer- Planning,Tabuk
AECOM,c3b59a31b9f8b018,Senior Engineer - ICT,Tabuk
AECOM,9b2ea728814e8a5d,Electrical Engineer,Riyadh
AECOM,11b3ac2d7ded3908,Senior Cost Engineer,Duba
AECOM,d355fddf7b0fb62d,Senior Architect,Riyadh
AECOM,d3a5a26ee01a122a,Quantity Surveyor,Tabuk
AECOM,8b6eb756f969c98e,Commercial Manager,Tabuk
AECOM,0d24e935ea084dbc,Inspector - Electrical,Riyadh
AECOM,fdfecfc2266e08d6,Senior Administrator,Riyadh
AECOM,44c3c6c7c1ba1855,Senior Quantity Surveyor,Tabuk
AECOM,efa2d98fae2fed4f,Senior Manager - Facility Maintenance,Riyadh
AECOM,a7632a22ae07b4af,BIM Technician,Riyadh
AECOM,8a8a1f65803611cd,Change Manager,Tabuk
Abdul Latif Jameel Group - Toyota KSA,3021285602414084,CRM Data Scientist,Jeddah
Accenture,cec20b8af2e91cac,Interaction & Service Designer,Riyadh
Alfaisal University,8c3da2a5dec82190,Postdoctoral Researcher,Riyadh
Alfaisal University,6a2e2461d6e3b95a,Post Doc,Riyadh
Alfaisal University,1824b65719b4f732,Mass Spectrometry Specialist,Riyadh
Arabic Computer Systems,8790ffc7c8d3c2fc,Data Scientist,Riyadh
Arabic Computer Systems,c551a9132f021a12,Expert Data Scientist,Al-Kharj
Arabic Computer Systems,71262cd70810e49b,Data Engineer,Riyadh
ArabyAds,d18d3fa4b2a0f5ac,Sales Manager- Media Vertical,Riyadh
ArabyAds,c5608ffb44650992,Sales Director- Media Vertical,Riyadh
Beckman Coulter Diagnostics,7e03e2e54461cdeb,"Field Service and Applications Specialist - Molecular Diagnostics (Riyadh, Central Region)",Riyadh
Cognizant,175a926742706306,Azure AI & ML,Riyadh
Creative Chaos,3d741df3d512d059,Senior Data Scientist ( 3 months contractual role),Jeddah
Creative Chaos,96c8e8c4b3224f5f,Senior Data Scientist,Jeddah
Deloitte,ab69ce57777855a0,Senior | Data Analytics | Audit & Assurance | Riyadh,Riyadh
EY,35fc8ea52ae51e7a,"Manager, Digital, Data and AI, FAAS, Riyadh",Riyadh
Excrin Think Labs,985d0ddc75ae4bf5,Full Stack Developer,Saudi Arabia
FINE GLOBAL HR,4786851fee53425a,SOIL TECHNICIAN,Riyadh
Gathern,5543c3acb8065e04,Data Engineer,Riyadh
Giza Systems EG,a1942b4a5f6758f2,Senior Big Data Engineer,Riyadh
Giza Systems EG,269dec123ed9204b,Senior Data Engineer,Riyadh
Globant,bbcaba38eb88ff69,"Data Scientist, Sr Level 3 - KSA",Riyadh
HDR,11329e87e6a99035,Urban Planner as Project Manager,Riyadh
Illumina,79363c2bc6b96214,Senior Field Applications Scientist,Saudi Arabia
Jamjoom Pharma,01dbf68554ce4d50,Associate Manager – Bioequivalence,Jeddah
KAUST,819e9a1c898473d9,POSTDOCTORAL POSITION IN ‘WHEAT GENOMICS AND EVOLUTION’,Thuwal
KAUST,38acdc7fb452b872,POSTDOCTORAL FELLOWSHIP POSITION - DATA DRIVEN MACHINE LEARNING,Thuwal
KAUST,a0a7b06b3b3b1e90,FACULTY POSITION IN BIO-DEVICES AND BIOINTERFACES FOR DIAGNOSTICS AND THERAPY,Thuwal
KAUST,cd6c79d92d91012f,"POSTDOCTORAL RESEARCH FELLOW - COMPUTER VISION, COMPUTER GRAPHICS AND DEEP LEARNING",Thuwal
KAUST,ce7c258940786312,POSTDOCTORAL FELLOWSHIP IN WATER DESALINATION AND MACHINE LEARNING,Thuwal
KAUST,67d1473b1e1f0115,FACULTY POSITIONS IN APPLIED MATHEMATICS AND COMPUTATIONAL SCIENCES,Saudi Arabia
KAUST,56408afbd09b8775,FACULTY POSITION IN COMPUTATIONAL METHODS FOR BIOENGINEERING,Thuwal
KAUST,e4b074e44cb7bb45,FACULTY POSITIONS IN ELECTRICAL AND COMPUTER ENGINEERING 2025-2026,Thuwal
KAUST,f265ff8b6505fb95,SOFTWARE ENGINEER,Thuwal
KAUST,902f61b315d82686,ASSISTANT PROFESSOR IN MARINE SYSTEMS MODELING,Thuwal
KAUST,5c7e4999682eb88b,POSTDOC IN MACHINE LEARNING,Thuwal
KAUST,2c8a52e4068bf368,RESEARCH SCIENTIST - VISUAL COMPUTING CENTER,Thuwal
KAUST,55abec4b506dc5ed,SENIOR/JUNIOR POSTDOCTORAL FELLOW IN BIOINFORMATICS,Thuwal
KAUST,eccfb448b3e2cd93,POSTDOC FOR SYNTHETIC BIOLOGY AND GENERATIVE BIOLOGY,Thuwal
Master-Works,11a9362428039599,Data Engineer,Dammam
Mozn,decf264a774c6c48,Data Scientist,Riyadh
Mozn,81e8e1eb8301400b,Staff Data Scientist,Riyadh
Mozn,1360cf9bc49cdecf,Senior Data Scientist,Riyadh
Mrsool,262ddbb0a793df0e,"Senior Scientist, Data",Riyadh
Perfect Vision,db7dade836f4158c,AI Developer,Dammam
Salla,fb95bfcffffd9e6a,Data Engineer,Jeddah
Salla,bf56819efe3b2ebc,Data Science Manager,Jeddah
Saudi Business Machines,ae39155a4f6c38de,Data Scientist,Saudi Arabia
Varian Medical Systems,52222da28a07efcc,Software Installation Engineer,Riyadh
WSP,44ee3d150309935a,Civil Engineer_Saudi National,Riyadh
WSP,3e390fbc7bdfc58c,Graduate Electrical Engineer - Dry Utilities (Saudi national),Riyadh
WSP,cb2e484688f72d96,Inspector - ELV,Riyadh
aramcoservices,4c01a8b9893f9fe4,Generative AI Expert,Saudi Arabia
athGADLANG,aba5aeaaa30f4a22,Data Scientist Analyst,Riyadh
webook.com,1ee26161fe8743b5,Machine Learning Engineer,Riyadh
